thisN,thisTrialN,thisRepN,Intro_text,key_resp.keys,key_resp.rt,key_resp.duration,choice_inst_5a.keys,choice_inst_5a.rt,choice_inst_5a.duration,intro_next_trial_input_2.keys,intro_next_trial_input_2.rt,intro_next_trial_input_2.duration,choice_inst_5b.keys,choice_inst_5b.rt,choice_inst_5b.duration,intro_next_trial_input.keys,intro_next_trial_input.rt,intro_next_trial_input.duration,key_resp_inst_5.keys,key_resp_inst_5.rt,key_resp_inst_5.duration,key_resp_inst_6.keys,key_resp_inst_6.rt,key_resp_inst_6.duration,key_resp_inst_7.keys,key_resp_inst_7.rt,key_resp_inst_7.duration,happiness_rating_overall.response,happiness_rating_overall.rt,key_resp_7.keys,key_resp_7.rt,key_resp_7.duration,key_resp_inst_8.keys,key_resp_inst_8.rt,key_resp_inst_8.duration,happiness_rating_baseline.response,happiness_rating_baseline.rt,key_resp_8.keys,key_resp_8.rt,key_resp_8.duration,key_resp_inst_11.keys,key_resp_inst_11.rt,key_resp_inst_11.duration,key_resp_inst_9.keys,key_resp_inst_9.rt,key_resp_inst_9.duration,p_choice.keys,p_choice.rt,p_choice.duration,p_next_trial_input.keys,p_next_trial_input.rt,p_next_trial_input.duration,happiness_rating_prac.response,happiness_rating_prac.rt,key_resp_5.keys,key_resp_9.keys,key_resp_9.rt,key_resp_9.duration,key_resp_inst_10.keys,key_resp_inst_10.rt,key_resp_inst_10.duration,user_choice.keys,user_choice.rt,user_choice.duration,next_trial_input.keys,next_trial_input.rt,next_trial_input.duration,happiness_rating.response,happiness_rating.rt,key_resp_6.keys,key_resp_10.keys,key_resp_10.rt,key_resp_10.duration,key_resp_6.rt,key_resp_6.duration,key_resp_12.keys,key_resp_12.rt,key_resp_12.duration,consent_loop.thisRepN,consent_loop.thisTrialN,consent_loop.thisN,consent_loop.thisIndex,Intros.thisRepN,Intros.thisTrialN,Intros.thisN,Intros.thisIndex,practice_trials.thisRepN,practice_trials.thisTrialN,practice_trials.thisN,practice_trials.thisIndex,trials.thisRepN,trials.thisTrialN,trials.thisN,trials.thisIndex,failed_final.thisRepN,failed_final.thisTrialN,failed_final.thisN,failed_final.thisIndex,final.thisRepN,final.thisTrialN,final.thisN,final.thisIndex,thisRow.t,notes,piloting,dateTime,catch_trials_indices,consent.started,text_9.started,button_yes.started,button_no.started,consent.stopped,button_yes.numClicks,button_yes.timesOn,button_yes.timesOff,button_no.numClicks,button_no.timesOn,button_no.timesOff,instructions1.started,Intro_text_show.started,Continue_txt.started,key_resp.started,instructions1.stopped,Intros.key_resp.keys,Intros.key_resp.rt,Intros.key_resp.duration,instructions_t1_target_on_choice.started,fixation_inst_5a.started,intro_sure.started,intro_sure_txt.started,intro_gambletop.started,intro_gambletop_txt.started,intro_gambletop_p.started,intro_gamblelow.started,intro_gamblelow_txt.started,intro_gamblelow_p.started,Input_txt.started,Guide_txt.started,choice_inst_5a.started,instructions_t1_target_on_choice.stopped,consent_loop.choice_inst_5a.keys,consent_loop.choice_inst_5a.rt,consent_loop.choice_inst_5a.duration,instructions_t1_chosen_gamble.started,fixation_inst_5a_2.started,intro_sure_2.started,intro_sure_txt_2.started,instructions_t1_chosen_gamble.stopped,instructions_t1_outcome.started,total_prompt_inst_5a.started,p_outcome_square_2.started,intro_outcome_text_5.started,intro_outcome_text.started,intro_next_trial_txt_2.started,intro_next_trial_input_2.started,instructions_t1_outcome.stopped,consent_loop.intro_next_trial_input_2.keys,consent_loop.intro_next_trial_input_2.rt,consent_loop.intro_next_trial_input_2.duration,intro_iti.started,text_4.started,intro_iti.stopped,instructions_t2_target_on_choice.started,fixation_inst_5b.started,intro_sure_3.started,intro_gambletop_2.started,intro_gamblelow_2.started,intro_sure_txt_3.started,intro_gambletop_txt_2.started,intro_gambletop_p_2.started,intro_gamblelow_txt_2.started,intro_gamblelow_p_2.started,input_txt_2.started,Guide_txt_2.started,choice_inst_5b.started,instructions_t2_target_on_choice.stopped,consent_loop.choice_inst_5b.keys,consent_loop.choice_inst_5b.rt,consent_loop.choice_inst_5b.duration,instructions_t2_chosen_gamble.started,fixation_inst_5a_3.started,intro_gambletop_3.started,intro_gamblelow_3.started,intro_gambletop_txt_3.started,intro_gambletop_p_3.started,intro_gamblelow_txt_3.started,intro_gamblelow_p_3.started,instructions_t2_chosen_gamble.stopped,instructions_t2_outcome.started,total_prompt_inst_5a_2.started,p_outcome_square_3.started,intro_outcome_text_3.started,intro_outcome_text_2.started,intro_next_trial_txt.started,intro_next_trial_input.started,instructions_t2_outcome.stopped,consent_loop.intro_next_trial_input.keys,consent_loop.intro_next_trial_input.rt,consent_loop.intro_next_trial_input.duration,instructions6.started,instructions_text.started,Continue_txt_2.started,key_resp_inst_5.started,instructions6.stopped,consent_loop.key_resp_inst_5.keys,consent_loop.key_resp_inst_5.rt,consent_loop.key_resp_inst_5.duration,instructions7.started,total_prompt_inst_5a_3.started,fixation_inst_5a_6.started,prog_5.started,p_outcome_square_4.started,intro_outcome_text_4.started,instrutions_text.started,arrow1.started,arrow2.started,left_progress_2.started,right_progress_2.started,key_resp_inst_6.started,instructions7.stopped,consent_loop.key_resp_inst_6.keys,consent_loop.key_resp_inst_6.rt,consent_loop.key_resp_inst_6.duration,instructions8.started,instructions_text_3.started,Continue_txt_3.started,key_resp_inst_7.started,instructions8.stopped,consent_loop.key_resp_inst_7.keys,consent_loop.key_resp_inst_7.rt,consent_loop.key_resp_inst_7.duration,happy_overall.started,question_3.started,happiness_rating_overall.started,low_end_text_3.started,high_end_text_3.started,key_resp_7.started,exit_text_4.started,happy_overall.stopped,consent_loop.happiness_rating_overall.response,consent_loop.happiness_rating_overall.rt,consent_loop.key_resp_7.keys,consent_loop.key_resp_7.rt,consent_loop.key_resp_7.duration,instructions10.started,instructions_text_6.started,Continue_txt_4.started,key_resp_inst_8.started,instructions10.stopped,consent_loop.key_resp_inst_8.keys,consent_loop.key_resp_inst_8.rt,consent_loop.key_resp_inst_8.duration,happy_base.started,question_5.started,happiness_rating_baseline.started,low_end_text_5.started,high_end_text_5.started,exit_text_3.started,key_resp_8.started,happy_base.stopped,consent_loop.happiness_rating_baseline.response,consent_loop.happiness_rating_baseline.rt,consent_loop.key_resp_8.keys,consent_loop.key_resp_8.rt,consent_loop.key_resp_8.duration,instructions10_2.started,instructions_text_2.started,Continue_txt_6.started,key_resp_inst_11.started,instructions10_2.stopped,consent_loop.key_resp_inst_11.keys,consent_loop.key_resp_inst_11.rt,consent_loop.key_resp_inst_11.duration,instructions11.started,instructions_text_7.started,Continue_txt_5.started,key_resp_inst_9.started,instructions11.stopped,consent_loop.key_resp_inst_9.keys,consent_loop.key_resp_inst_9.rt,consent_loop.key_resp_inst_9.duration,first_delay.started,text_3.started,first_delay.stopped,options,gamble_result,p_options_show.started,practice_txt_2.started,p_fixation_cross_4.started,p_box1.started,p_box2.started,p_box3.started,p_box4.started,p_box1_mag.started,p_box1_P.started,p_box2_mag.started,p_box2_P.started,p_box3_mag.started,p_box3_P.started,p_box4_mag.started,p_box4_P.started,p_Late_input.started,p_choice.started,p_options_show.stopped,practice_trials.p_choice.keys,practice_trials.p_choice.rt,practice_trials.p_choice.duration,choice_prac,p_chosen_option.started,fixation_5.started,p_box1_2.started,p_box2_2.started,p_box3_2.started,p_box4_2.started,p_box1_mag_2.started,p_box1_P_2.started,p_box2_mag_2.started,p_box2_P_2.started,p_box3_mag_2.started,p_box3_P_2.started,p_box4_mag_2.started,p_box4_P_2.started,practice_txt_3.started,p_chosen_option.stopped,current_money_prac,outcome_prac,added_prac,p_reward_outcome.started,p_money_prompt.started,practice_txt.started,p_outcome_square.started,p_outcome_text.started,p_reward_txt.started,p_prog_bar.started,left_progress.started,right_progress.started,p_next_trial_txt.started,p_next_trial_input.started,p_reward_outcome.stopped,practice_trials.p_next_trial_input.keys,practice_trials.p_next_trial_input.rt,practice_trials.p_next_trial_input.duration,iti.started,text.started,iti.stopped,p_happiness_trial.started,p_happiness_trial.stopped,practice_trials.happiness_rating_prac.response,practice_trials.happiness_rating_prac.rt,practice_trials.key_resp_5.keys,p_h_iti.started,p_h_iti.stopped,repeat_practice.started,repeat_practice_txt.started,key_resp_9.started,repeat_practice.stopped,practice_trials.key_resp_9.keys,practice_trials.key_resp_9.rt,practice_trials.key_resp_9.duration,repeat_iti.started,repeat_iti.stopped,instructions12.started,instructions_text_8.started,key_resp_inst_10.started,instructions12.stopped,consent_loop.key_resp_inst_10.keys,consent_loop.key_resp_inst_10.rt,consent_loop.key_resp_inst_10.duration,catch_trial,options_show.started,p_Late_input_2.started,fixation_cross_2.started,box1.started,box2.started,box3.started,box4.started,box1_mag.started,box1_P.started,box2_mag.started,box2_P.started,box3_mag.started,box3_P.started,box4_mag.started,box4_P.started,user_choice.started,options_show.stopped,trials.user_choice.keys,trials.user_choice.rt,trials.user_choice.duration,choice,chosen_option.started,fixation_7.started,box1_2.started,box2_2.started,box3_2.started,box4_2.started,box1_mag_2.started,box1_P_2.started,box2_mag_2.started,box2_P_2.started,box3_mag_2.started,box3_P_2.started,box4_mag_2.started,box4_P_2.started,chosen_option.stopped,current_money,outcome,added_money,reward_outcome.started,money_prompt.started,outcome_square.started,outcome_text_3.started,reward_txt.started,prog_bar.started,left_progress_3.started,right_progress_3.started,next_trial_txt.started,next_trial_input.started,reward_outcome.stopped,trials.next_trial_input.keys,trials.next_trial_input.rt,trials.next_trial_input.duration,happiness_trial.started,happiness_trial.stopped,trials.happiness_rating.response,trials.happiness_rating.rt,trials.key_resp_6.keys,h_iti.started,h_iti.stopped,trial_break.started,trial_break.stopped,trials.key_resp_10.keys,repeat_iti_2.started,repeat_iti_2.stopped,break_txt.started,key_resp_10.started,trials.key_resp_10.rt,trials.key_resp_10.duration,text_6.started,question_2.started,happiness_rating.started,low_end_text_2.started,high_end_text_2.started,exit_text.started,key_resp_6.started,trials.key_resp_6.rt,trials.key_resp_6.duration,text_7.started,Failed_end.started,thankYouText_failed.started,key_resp_12.started,Failed_end.stopped,failed_final.key_resp_12.keys,failed_final.key_resp_12.rt,failed_final.key_resp_12.duration,PROLIFIC_PID,STUDY_ID,SESSION_ID,date,expName,expVersion,psychopyVersion,expStart,
,,,,,,,,,,,,,,,,,,,,,,,,,,,,,,,,,,,,,,,,,,,,,,,,,,,,,,,,,,,,,,,,,,,,,,,,,,,,,,,,,,,,,,,,,,,,,,,,,,,,,,,,,False,2026-05-18_16.25.53,"[2, 4]",0.03813845801050775,0.06231020801351406,0.06231020801351406,0.06231020801351406,1.6840570000058506,1,[1.6213097919826396],[1.6213119589956477],0,,,,,,,,,,,,,,,,,,,,,,,,,,,,,,,,,,,,,,,,,,,,,,,,,,,,,,,,,,,,,,,,,,,,,,,,,,,,,,,,,,,,,,,,,,,,,,,,,,,,,,,,,,,,,,,,,,,,,,,,,,,,,,,,,,,,,,,,,,,,,,,,,,,,,,,,,,,,,,,,,,,,,,,,,,,,,,,,,,,,,,,,,,,,,,,,,,,,,,,,,,,,,,,,,,,,,,,,,,,,,,,,,,,,,,,,,,,,,,,,,,,,,,,,,,,,,,,,,,,,,,,,,,,,,,,,,,,,,,,,,,,,,,,,,,,,,,,,,,,,,,,,,,,,,,,,,,,,,,,,,,,,,,,,,,,,,,,,,,,,,,,2026-05-18_16h25.53.062,Mood4,,2026.1.3,2026-05-18 16h25.53.966765 -0400,
0,0,0,"Welcome to the reward and subjective well-being task!

In this experiment, you will have the opportunity to earn money by playing a decision-making task. You will also be asked to rate your happiness at various points as you progress through the task.",return,0.7539365419943351,0.05572674999712035,,,,,,,,,,,,,,,,,,,,,,,,,,,,,,,,,,,,,,,,,,,,,,,,,,,,,,,,,,,,,,,,,,,,,,,,,0,0,0,0,0,0,0,0,,,,,,,,,,,,,,,,,1.7025586249947082,,,,,,,,,,,,,,,,1.6965897910122294,1.7025586249947082,1.7025586249947082,1.7025586249947082,2.5174360829987563,return,0.7539365419943351,0.05572674999712035,,,,,,,,,,,,,,,,,,,,,,,,,,,,,,,,,,,,,,,,,,,,,,,,,,,,,,,,,,,,,,,,,,,,,,,,,,,,,,,,,,,,,,,,,,,,,,,,,,,,,,,,,,,,,,,,,,,,,,,,,,,,,,,,,,,,,,,,,,,,,,,,,,,,,,,,,,,,,,,,,,,,,,,,,,,,,,,,,,,,,,,,,,,,,,,,,,,,,,,,,,,,,,,,,,,,,,,,,,,,,,,,,,,,,,,,,,,,,,,,,,,,,,,,,,,,,,,,,,,,,,,,,,,,,,,,,,,,,,,,,,,,,,,,,,,,,,,,,,,,,,,,,,,,,,,,,,,,,,,,,,,,,,,,,,,,,2026-05-18_16h25.53.062,Mood4,,2026.1.3,2026-05-18 16h25.53.966765 -0400,
1,1,0,"In the next few steps, we will guide you through the task and how it works, you will then do a minimum of 10 practice trials, and finally, you will start the task.",return,0.07938366700545885,0.051490249985363334,,,,,,,,,,,,,,,,,,,,,,,,,,,,,,,,,,,,,,,,,,,,,,,,,,,,,,,,,,,,,,,,,,,,,,,,,0,0,0,0,0,1,1,1,,,,,,,,,,,,,,,,,2.5245306660071947,,,,,,,,,,,,,,,,2.5200309999927413,2.5245306660071947,2.5245306660071947,2.5245306660071947,2.658984041016083,return,0.07938366700545885,0.051490249985363334,,,,,,,,,,,,,,,,,,,,,,,,,,,,,,,,,,,,,,,,,,,,,,,,,,,,,,,,,,,,,,,,,,,,,,,,,,,,,,,,,,,,,,,,,,,,,,,,,,,,,,,,,,,,,,,,,,,,,,,,,,,,,,,,,,,,,,,,,,,,,,,,,,,,,,,,,,,,,,,,,,,,,,,,,,,,,,,,,,,,,,,,,,,,,,,,,,,,,,,,,,,,,,,,,,,,,,,,,,,,,,,,,,,,,,,,,,,,,,,,,,,,,,,,,,,,,,,,,,,,,,,,,,,,,,,,,,,,,,,,,,,,,,,,,,,,,,,,,,,,,,,,,,,,,,,,,,,,,,,,,,,,,,,,,,,,,2026-05-18_16h25.53.062,Mood4,,2026.1.3,2026-05-18 16h25.53.966765 -0400,
2,2,0,"On each trial, you will have the opportunity to earn money by choosing between two options: a guaranteed reward, or a gamble.

The gamble's probability of winning is indicated by a percentage. Each gamble has two possible outcomes: you either win the indicated reward, or you lose and earn $0.

On some trials, you will only be shown a single option, which you must select to proceed.",return,0.07095170899992809,0.05979104098514654,,,,,,,,,,,,,,,,,,,,,,,,,,,,,,,,,,,,,,,,,,,,,,,,,,,,,,,,,,,,,,,,,,,,,,,,,0,0,0,0,0,2,2,2,,,,,,,,,,,,,,,,,2.675103040994145,,,,,,,,,,,,,,,,2.664588832994923,2.675103040994145,2.675103040994145,2.675103040994145,2.809183291014051,return,0.07095170899992809,0.05979104098514654,,,,,,,,,,,,,,,,,,,,,,,,,,,,,,,,,,,,,,,,,,,,,,,,,,,,,,,,,,,,,,,,,,,,,,,,,,,,,,,,,,,,,,,,,,,,,,,,,,,,,,,,,,,,,,,,,,,,,,,,,,,,,,,,,,,,,,,,,,,,,,,,,,,,,,,,,,,,,,,,,,,,,,,,,,,,,,,,,,,,,,,,,,,,,,,,,,,,,,,,,,,,,,,,,,,,,,,,,,,,,,,,,,,,,,,,,,,,,,,,,,,,,,,,,,,,,,,,,,,,,,,,,,,,,,,,,,,,,,,,,,,,,,,,,,,,,,,,,,,,,,,,,,,,,,,,,,,,,,,,,,,,,,,,,,,,,2026-05-18_16h25.53.062,Mood4,,2026.1.3,2026-05-18 16h25.53.966765 -0400,
3,3,0,"You will begin the task with $5.50. The outcome of the choices you make from then on will count for ADDITIONAL money.

Please select your option by pressing the LEFT or RIGHT arrow key. Once you’ve made your choice, the outcome will be applied to your total.

On the next screen, you will do a few introductory trials.",return,0.29559125000378117,0.08443712498410605,,,,,,,,,,,,,,,,,,,,,,,,,,,,,,,,,,,,,,,,,,,,,,,,,,,,,,,,,,,,,,,,,,,,,,,,,0,0,0,0,0,3,3,3,,,,,,,,,,,,,,,,,2.8253057500114664,,,,,,,,,,,,,,,,2.814145540993195,2.8253057500114664,2.8253057500114664,2.8253057500114664,3.209041875001276,return,0.29559125000378117,0.08443712498410605,,,,,,,,,,,,,,,,,,,,,,,,,,,,,,,,,,,,,,,,,,,,,,,,,,,,,,,,,,,,,,,,,,,,,,,,,,,,,,,,,,,,,,,,,,,,,,,,,,,,,,,,,,,,,,,,,,,,,,,,,,,,,,,,,,,,,,,,,,,,,,,,,,,,,,,,,,,,,,,,,,,,,,,,,,,,,,,,,,,,,,,,,,,,,,,,,,,,,,,,,,,,,,,,,,,,,,,,,,,,,,,,,,,,,,,,,,,,,,,,,,,,,,,,,,,,,,,,,,,,,,,,,,,,,,,,,,,,,,,,,,,,,,,,,,,,,,,,,,,,,,,,,,,,,,,,,,,,,,,,,,,,,,,,,,,,,2026-05-18_16h25.53.062,Mood4,,2026.1.3,2026-05-18 16h25.53.966765 -0400,
0,0,0,,,,,left,0.9437006670050323,None,space,0.2701857079809997,None,right,0.7743370000098366,None,space,0.23427083299611695,None,return,0.7232577920076437,None,return,0.09085029101697728,None,return,0.17903766699600965,None,12.0,1.1533964169793762,return,1.318266999995103,None,return,0.26263820799067616,None,12.0,3.3495578749862034,return,1.1189589160203468,None,return,0.3938332909892779,None,return,0.08447595799225383,None,left,1.0520403750124387,None,space,0.08126620799885131,None,None,None,None,c,1.35101320798276,None,,,,,,,,,,,,,,,,,,,,,0,0,0,0,,,,,0,0,0,0,,,,,,,,,,,,,19.229480833018897,,,,,,,,,,,,,,,,,,,,,,,,3.2157127910177223,3.2247719580191188,3.2247719580191188,3.2247719580191188,3.2247719580191188,3.2247719580191188,3.2247719580191188,3.2247719580191188,3.2247719580191188,3.2247719580191188,3.2247719580191188,3.2247719580191188,3.2247719580191188,4.171227875020122,left,0.9437006670050323,None,4.172005625005113,4.196162915992318,4.196162915992318,4.196162915992318,5.158593041007407,5.16211358300643,5.168069416016806,5.168069416016806,5.168069416016806,5.168069416016806,6.150254666019464,6.150254666019464,6.425841666001361,space,0.2701857079809997,None,6.425867540994659,6.433684624993475,7.408629707992077,7.412961958005326,7.425235041009728,7.425235041009728,7.425235041009728,7.425235041009728,7.425235041009728,7.425235041009728,7.425235041009728,7.425235041009728,7.425235041009728,7.425235041009728,7.425235041009728,7.425235041009728,8.200510875001783,right,0.7743370000098366,None,8.201886333001312,8.208908208005596,8.208908208005596,8.208908208005596,8.208908208005596,8.208908208005596,8.208908208005596,8.208908208005596,9.183487666014116,9.18470095799421,9.19131229101913,9.19131229101913,9.19131229101913,9.19131229101913,10.175253541005077,10.175253541005077,10.417533416009974,space,0.23427083299611695,None,10.41756883301423,10.425135416007834,10.425135416007834,10.425135416007834,11.15034145800746,return,0.7232577920076437,None,11.150655250006821,11.158954040991375,11.158954040991375,11.158954040991375,11.158954040991375,11.158954040991375,11.158954040991375,11.158954040991375,11.158954040991375,11.158954040991375,11.158954040991375,11.158954040991375,11.250405291008065,return,0.09085029101697728,None,11.2504430830013,11.25837766600307,11.25837766600307,11.25837766600307,11.442502499994589,return,0.17903766699600965,None,11.44292333300109,11.474811666004825,11.474811666004825,11.474811666004825,11.474811666004825,11.474811666004825,11.474811666004825,12.797015499992995,12.0,1.1533964169793762,return,1.318266999995103,None,12.79705258301692,12.803961416007951,12.803961416007951,12.803961416007951,13.071322083007544,return,0.26263820799067616,None,13.071665291005047,13.079198791005183,15.587712125008693,15.587712125008693,15.587712125008693,15.587712125008693,15.587712125008693,16.72142437499133,12.0,3.3495578749862034,return,1.1189589160203468,None,16.72147112499806,16.72932591600693,16.72932591600693,16.72932591600693,17.12990462500602,return,0.3938332909892779,None,17.129936583020026,17.13762104100897,17.13762104100897,17.13762104100897,17.229919583012816,return,0.08447595799225383,None,17.229957625007955,17.237686125008622,19.21290716601652,[0.05 1.   0.   0.5  0.1  0.5 ],[0.17],19.217226915992796,19.229480833018897,19.229480833018897,19.229480833018897,19.229480833018897,19.229480833018897,19.229480833018897,19.229480833018897,19.229480833018897,19.229480833018897,19.229480833018897,19.229480833018897,19.229480833018897,19.229480833018897,19.229480833018897,19.229480833018897,19.229480833018897,20.288447958009783,left,1.0520403750124387,None,0,20.29191775000072,20.304342916002497,20.304342916002497,20.304342916002497,20.304342916002497,20.304342916002497,20.304342916002497,20.304342916002497,20.304342916002497,20.304342916002497,20.304342916002497,20.304342916002497,20.304342916002497,20.304342916002497,20.304342916002497,21.271236083004624,5.5,-1,0.05,21.27515995799331,21.287593457993353,21.287593457993353,21.287593457993353,21.287593457993353,21.287593457993353,21.287593457993353,21.287593457993353,21.287593457993353,22.26270104100695,22.26270104100695,22.346366125013446,space,0.08126620799885131,None,22.346404166019056,22.35437658301089,23.329634666006314,23.33002191601554,23.33016250000219,None,None,None,23.330190416018013,23.33020237501478,23.33021133299917,24.321068582998123,24.321068582998123,25.680061332997866,c,1.35101320798276,None,25.680155958019895,25.680173500004457,,,,,,,,,,,,,,,,,,,,,,,,,,,,,,,,,,,,,,,,,,,,,,,,,,,,,,,,,,,,,,,,,,,,,,,,,,,,,,,,,,,,,,,,,,,,,,,,,,2026-05-18_16h25.53.062,Mood4,,2026.1.3,2026-05-18 16h25.53.966765 -0400,
0,0,0,,,,,left,0.9437006670050323,None,space,0.2701857079809997,None,right,0.7743370000098366,None,space,0.23427083299611695,None,return,0.7232577920076437,None,return,0.09085029101697728,None,return,0.17903766699600965,None,12.0,1.1533964169793762,return,1.318266999995103,None,return,0.26263820799067616,None,12.0,3.3495578749862034,return,1.1189589160203468,None,return,0.3938332909892779,None,return,0.08447595799225383,None,,,,,,,,,,,,,return,6.934525415999815,None,right,3.0309132089896593,None,space,0.44570312497671694,None,None,None,None,None,,,,,,,,0,0,0,0,,,,,,,,,0,0,0,0,,,,,,,,,34.62851262500044,,,,,,,,,,,,,,,,,,,,,,,,,,,,,,,,,,,,,,,,,,,,,,,,,,,,,,,,,,,,,,,,,,,,,,,,,,,,,,,,,,,,,,,,,,,,,,,,,,,,,,,,,,,,,,,,,,,,,,,,,,,,,,,,,,,,,,,,,,,,,,,,,,,,,,,,,,,,,,,,,,,,,,,,,,,,,,,,,,,32.62991387501825,32.63804854100454,34.61319370800629,[0.   0.8  0.05 0.2  0.03 1.  ],[0.25],,,,,,,,,,,,,,,,,,,,,,,,,,,,,,,,,,,,,,,,,,,,,,,,,,,,,,,,,40.09662470800686,40.104364625003655,41.07916708299308,,,,,,,,,,,,,,,,,25.680746083002305,25.68760483301594,25.68760483301594,32.62987487501232,return,6.934525415999815,None,0,34.61844204101362,34.62851262500044,34.62851262500044,34.62851262500044,34.62851262500044,34.62851262500044,34.62851262500044,34.62851262500044,34.62851262500044,34.62851262500044,34.62851262500044,34.62851262500044,34.62851262500044,34.62851262500044,34.62851262500044,34.62851262500044,37.66380704101175,right,3.0309132089896593,None,1,37.66731141600758,37.679075916006695,37.679075916006695,37.679075916006695,37.679075916006695,37.679075916006695,37.679075916006695,37.679075916006695,37.679075916006695,37.679075916006695,37.679075916006695,37.679075916006695,37.679075916006695,37.679075916006695,38.65424775000429,5.5,-1,0.03,38.6579085830017,38.66490454101586,38.66490454101586,38.66490454101586,38.66490454101586,38.66490454101586,38.66490454101586,38.66490454101586,39.64567629099474,39.64567629099474,40.09658916600165,space,0.44570312497671694,None,41.07955270801904,41.07968495800742,None,None,None,41.07971591601381,41.0797262499982,41.07973512500757,41.07974533300148,None,41.07975783300935,41.079767082992475,,,,,,,,,,,,,,,,,,,,,,,,,2026-05-18_16h25.53.062,Mood4,,2026.1.3,2026-05-18 16h25.53.966765 -0400,
1,0,1,,,,,left,0.9437006670050323,None,space,0.2701857079809997,None,right,0.7743370000098366,None,space,0.23427083299611695,None,return,0.7232577920076437,None,return,0.09085029101697728,None,return,0.17903766699600965,None,12.0,1.1533964169793762,return,1.318266999995103,None,return,0.26263820799067616,None,12.0,3.3495578749862034,return,1.1189589160203468,None,return,0.3938332909892779,None,return,0.08447595799225383,None,,,,,,,,,,,,,return,6.934525415999815,None,right,1.5216126249870285,None,space,0.32935000001452863,None,None,None,None,return,1.200011374981841,None,,,,,,0,0,0,0,,,,,,,,,1,0,1,0,,,,,,,,,41.087472040992,,,,,,,,,,,,,,,,,,,,,,,,,,,,,,,,,,,,,,,,,,,,,,,,,,,,,,,,,,,,,,,,,,,,,,,,,,,,,,,,,,,,,,,,,,,,,,,,,,,,,,,,,,,,,,,,,,,,,,,,,,,,,,,,,,,,,,,,,,,,,,,,,,,,,,,,,,,,,,,,,,,,,,,,,,,,,,,,,,,,,,[0.   0.   0.   0.   0.05 1.  ],[0.13],,,,,,,,,,,,,,,,,,,,,,,,,,,,,,,,,,,,,,,,,,,,,,,,,,,,,,,,,44.92141029101913,44.929083458002424,45.904221500008134,,,,,,,,,,,,,,,,,,,,,,,,0,41.08173741601058,41.087472040992,41.087472040992,41.087472040992,41.087472040992,41.087472040992,41.087472040992,41.087472040992,41.087472040992,41.087472040992,41.087472040992,41.087472040992,41.087472040992,41.087472040992,41.087472040992,41.087472040992,42.61340083301184,right,1.5216126249870285,None,1,42.61517554099555,42.62107837499934,42.62107837499934,42.62107837499934,42.62107837499934,42.62107837499934,42.62107837499934,42.62107837499934,42.62107837499934,42.62107837499934,42.62107837499934,42.62107837499934,42.62107837499934,42.62107837499934,43.596031583001604,5.53,-1,0.05,43.59828537501744,43.60400379099883,43.60400379099883,43.60400379099883,43.60400379099883,43.60400379099883,43.60400379099883,43.60400379099883,44.587333625007886,44.587333625007886,44.921374249999644,space,0.32935000001452863,None,45.90460254100617,45.9047416660178,None,None,None,45.90476954099722,45.904779291013256,45.90478745801374,47.12101649999386,return,47.12106129099266,48.10379954101518,45.912450333009474,45.912450333009474,1.200011374981841,None,47.12863020799705,,,,,,,,,,,,,,,,,,,,2026-05-18_16h25.53.062,Mood4,,2026.1.3,2026-05-18 16h25.53.966765 -0400,
2,0,2,,,,,left,0.9437006670050323,None,space,0.2701857079809997,None,right,0.7743370000098366,None,space,0.23427083299611695,None,return,0.7232577920076437,None,return,0.09085029101697728,None,return,0.17903766699600965,None,12.0,1.1533964169793762,return,1.318266999995103,None,return,0.26263820799067616,None,12.0,3.3495578749862034,return,1.1189589160203468,None,return,0.3938332909892779,None,return,0.08447595799225383,None,,,,,,,,,,,,,return,6.934525415999815,None,right,3.620707499998389,None,space,0.20360199999413453,None,12.0,3.316323083010502,return,None,,,1.0595615830097813,None,,,,0,0,0,0,,,,,,,,,2,0,2,0,,,,,,,,,48.11445795799955,,,,,,,,,,,,,,,,,,,,,,,,,,,,,,,,,,,,,,,,,,,,,,,,,,,,,,,,,,,,,,,,,,,,,,,,,,,,,,,,,,,,,,,,,,,,,,,,,,,,,,,,,,,,,,,,,,,,,,,,,,,,,,,,,,,,,,,,,,,,,,,,,,,,,,,,,,,,,,,,,,,,,,,,,,,,,,,,,,,,,,[0.06 1.   0.   0.7  0.   0.3 ],[0.62],,,,,,,,,,,,,,,,,,,,,,,,,,,,,,,,,,,,,,,,,,,,,,,,,,,,,,,,,53.92152750000241,53.92919904101291,54.90444116599974,,,,,,,,,,,,,,,,,,,,,,,,1,48.10772841601283,48.11445795799955,48.11445795799955,48.11445795799955,48.11445795799955,48.11445795799955,48.11445795799955,48.11445795799955,48.11445795799955,48.11445795799955,48.11445795799955,48.11445795799955,48.11445795799955,48.11445795799955,48.11445795799955,48.11445795799955,51.737860624998575,right,3.620707499998389,None,1,51.74041916601709,51.74706983301439,51.74706983301439,51.74706983301439,51.74706983301439,51.74706983301439,51.74706983301439,51.74706983301439,51.74706983301439,51.74706983301439,51.74706983301439,51.74706983301439,51.74706983301439,51.74706983301439,52.720912791002775,5.58,0,0,52.7232567500032,52.72903950000182,52.72903950000182,52.72903950000182,52.72903950000182,52.72903950000182,52.72903950000182,52.72903950000182,53.712424916011514,53.712424916011514,53.92149100001552,space,0.20360199999413453,None,54.904822415992385,58.48766791599337,12.0,3.316323083010502,return,58.48771708301501,59.475171333004255,59.475192125013564,59.47520583300502,None,59.475223790999735,59.47523341601482,,,,,,54.91238212501048,57.420606375002535,57.420606375002535,57.420606375002535,57.420606375002535,57.420606375002535,1.0595615830097813,None,58.49575829101377,,,,,,,,,,,2026-05-18_16h25.53.062,Mood4,,2026.1.3,2026-05-18 16h25.53.966765 -0400,
3,0,3,,,,,left,0.9437006670050323,None,space,0.2701857079809997,None,right,0.7743370000098366,None,space,0.23427083299611695,None,return,0.7232577920076437,None,return,0.09085029101697728,None,return,0.17903766699600965,None,12.0,1.1533964169793762,return,1.318266999995103,None,return,0.26263820799067616,None,12.0,3.3495578749862034,return,1.1189589160203468,None,return,0.3938332909892779,None,return,0.08447595799225383,None,,,,,,,,,,,,,return,6.934525415999815,None,left,1.7085506669827737,None,space,0.12013624998508021,None,None,None,None,None,,,,,,,,0,0,0,0,,,,,,,,,3,0,3,0,,,,,,,,,59.484512666007504,,,,,,,,,,,,,,,,,,,,,,,,,,,,,,,,,,,,,,,,,,,,,,,,,,,,,,,,,,,,,,,,,,,,,,,,,,,,,,,,,,,,,,,,,,,,,,,,,,,,,,,,,,,,,,,,,,,,,,,,,,,,,,,,,,,,,,,,,,,,,,,,,,,,,,,,,,,,,,,,,,,,,,,,,,,,,,,,,,,,,,[0.   0.3  0.1  0.7  0.05 1.  ],[0.88],,,,,,,,,,,,,,,,,,,,,,,,,,,,,,,,,,,,,,,,,,,,,,,,,,,,,,,,,63.300790500012226,63.30830683300155,64.28337283301516,,,,,,,,,,,,,,,,,,,,,,,,0,59.478523833007785,59.484512666007504,59.484512666007504,59.484512666007504,59.484512666007504,59.484512666007504,59.484512666007504,59.484512666007504,59.484512666007504,59.484512666007504,59.484512666007504,59.484512666007504,59.484512666007504,59.484512666007504,59.484512666007504,59.484512666007504,61.200600625015795,left,1.7085506669827737,None,0,61.20335129101295,61.20906449999893,61.20906449999893,61.20906449999893,61.20906449999893,61.20906449999893,61.20906449999893,61.20906449999893,61.20906449999893,61.20906449999893,61.20906449999893,61.20906449999893,61.20906449999893,61.20906449999893,62.18339462499716,5.58,0,0,62.18381791599677,62.191356249997625,62.191356249997625,62.191356249997625,62.191356249997625,62.191356249997625,62.191356249997625,62.191356249997625,63.17510745799518,63.17510745799518,63.30075100000249,space,0.12013624998508021,None,64.28376679099165,64.28390845801914,None,None,None,64.2839366249973,64.28394645801745,64.28395891599939,64.28396908301511,None,64.283981125016,64.28398958299658,,,,,,,,,,,,,,,,,,,,,,,,,2026-05-18_16h25.53.062,Mood4,,2026.1.3,2026-05-18 16h25.53.966765 -0400,
4,0,4,,,,,left,0.9437006670050323,None,space,0.2701857079809997,None,right,0.7743370000098366,None,space,0.23427083299611695,None,return,0.7232577920076437,None,return,0.09085029101697728,None,return,0.17903766699600965,None,12.0,1.1533964169793762,return,1.318266999995103,None,return,0.26263820799067616,None,12.0,3.3495578749862034,return,1.1189589160203468,None,return,0.3938332909892779,None,return,0.08447595799225383,None,,,,,,,,,,,,,return,6.934525415999815,None,left,2.3444975419843104,None,space,0.26269116601906717,None,None,None,None,None,,,,,,,,0,0,0,0,,,,,,,,,4,0,4,0,,,,,,,,,64.29312737501459,,,,,,,,,,,,,,,,,,,,,,,,,,,,,,,,,,,,,,,,,,,,,,,,,,,,,,,,,,,,,,,,,,,,,,,,,,,,,,,,,,,,,,,,,,,,,,,,,,,,,,,,,,,,,,,,,,,,,,,,,,,,,,,,,,,,,,,,,,,,,,,,,,,,,,,,,,,,,,,,,,,,,,,,,,,,,,,,,,,,,,[0.03 1.   0.   0.8  0.06 0.2 ],[0.37],,,,,,,,,,,,,,,,,,,,,,,,,,,,,,,,,,,,,,,,,,,,,,,,,,,,,,,,,68.88384787499672,68.89150958301616,69.86673683300614,,,,,,,,,,,,,,,,,,,,,,,,0,64.28695670800516,64.29312737501459,64.29312737501459,64.29312737501459,64.29312737501459,64.29312737501459,64.29312737501459,64.29312737501459,64.29312737501459,64.29312737501459,64.29312737501459,64.29312737501459,64.29312737501459,64.29312737501459,64.29312737501459,64.29312737501459,66.64200329099549,left,2.3444975419843104,None,0,66.644798541005,66.6504687500128,66.6504687500128,66.6504687500128,66.6504687500128,66.6504687500128,66.6504687500128,66.6504687500128,66.6504687500128,66.6504687500128,66.6504687500128,66.6504687500128,66.6504687500128,66.6504687500128,67.62505608299398,5.58,-1,0.03,67.62781000000541,67.63358708299347,67.63358708299347,67.63358708299347,67.63358708299347,67.63358708299347,67.63358708299347,67.63358708299347,68.61645850000787,68.61645850000787,68.88381066601141,space,0.26269116601906717,None,69.86711449999711,69.86724820800009,None,None,None,69.86727583300672,69.86728537501767,69.8672937079973,69.86730333301239,None,69.86731525001233,69.86732345802011,,,,,,,,,,,,,,,,,,,,,,,,,2026-05-18_16h25.53.062,Mood4,,2026.1.3,2026-05-18 16h25.53.966765 -0400,
5,0,5,,,,,left,0.9437006670050323,None,space,0.2701857079809997,None,right,0.7743370000098366,None,space,0.23427083299611695,None,return,0.7232577920076437,None,return,0.09085029101697728,None,return,0.17903766699600965,None,12.0,1.1533964169793762,return,1.318266999995103,None,return,0.26263820799067616,None,12.0,3.3495578749862034,return,1.1189589160203468,None,return,0.3938332909892779,None,return,0.08447595799225383,None,,,,,,,,,,,,,return,6.934525415999815,None,right,1.9580984159838408,None,space,0.23119566700188443,None,12.0,2.837340374971973,return,None,,,0.7888552910008002,None,,,,0,0,0,0,,,,,,,,,5,0,5,0,,,,,,,,,69.87645220800187,,,,,,,,,,,,,,,,,,,,,,,,,,,,,,,,,,,,,,,,,,,,,,,,,,,,,,,,,,,,,,,,,,,,,,,,,,,,,,,,,,,,,,,,,,,,,,,,,,,,,,,,,,,,,,,,,,,,,,,,,,,,,,,,,,,,,,,,,,,,,,,,,,,,,,,,,,,,,,,,,,,,,,,,,,,,,,,,,,,,,,[0.   0.3  0.07 0.7  0.   1.  ],[0.17],,,,,,,,,,,,,,,,,,,,,,,,,,,,,,,,,,,,,,,,,,,,,,,,,,,,,,,,,74.0503406249918,74.05837233300554,75.03323204099433,,,,,,,,,,,,,,,,,,,,,,,,1,69.87029887500103,69.87645220800187,69.87645220800187,69.87645220800187,69.87645220800187,69.87645220800187,69.87645220800187,69.87645220800187,69.87645220800187,69.87645220800187,69.87645220800187,69.87645220800187,69.87645220800187,69.87645220800187,69.87645220800187,69.87645220800187,71.84231475001434,right,1.9580984159838408,None,1,71.84514304099139,71.8510089580086,71.8510089580086,71.8510089580086,71.8510089580086,71.8510089580086,71.8510089580086,71.8510089580086,71.8510089580086,71.8510089580086,71.8510089580086,71.8510089580086,71.8510089580086,71.8510089580086,72.82524483301677,5.61,-1,0.0,72.82632804100285,72.83278241599328,72.83278241599328,72.83278241599328,72.83278241599328,72.83278241599328,72.83278241599328,72.83278241599328,73.81656070801546,73.81656070801546,74.0503084580123,space,0.23119566700188443,None,75.03363966601319,78.33835420801188,12.0,2.837340374971973,return,78.33840379101457,79.32502954101074,79.32505008301814,79.3250632499985,None,79.32508283300558,79.32509279099759,,,,,,75.04136087500956,77.5326880410139,77.5326880410139,77.5326880410139,77.5326880410139,77.5326880410139,0.7888552910008002,None,78.34562970799743,,,,,,,,,,,2026-05-18_16h25.53.062,Mood4,,2026.1.3,2026-05-18 16h25.53.966765 -0400,
0,0,0,,,,,left,0.9437006670050323,None,space,0.2701857079809997,None,right,0.7743370000098366,None,space,0.23427083299611695,None,return,0.7232577920076437,None,return,0.09085029101697728,None,return,0.17903766699600965,None,12.0,1.1533964169793762,return,1.318266999995103,None,return,0.26263820799067616,None,12.0,3.3495578749862034,return,1.1189589160203468,None,return,0.3938332909892779,None,return,0.08447595799225383,None,,,,,,,,,,,,,return,6.934525415999815,None,,,,,,,,,,,,,,,return,13.960338125005364,None,0,0,0,0,,,,,,,,,,,,,0,0,0,0,,,,,79.33294491600827,,,,,,,,,,,,,,,,,,,,,,,,,,,,,,,,,,,,,,,,,,,,,,,,,,,,,,,,,,,,,,,,,,,,,,,,,,,,,,,,,,,,,,,,,,,,,,,,,,,,,,,,,,,,,,,,,,,,,,,,,,,,,,,,,,,,,,,,,,,,,,,,,,,,,,,,,,,,,,,,,,,,,,,,,,,,,,,,,,,,,,,,,,,,,,,,,,,,,,,,,,,,,,,,,,,,,,,,,,,,,,,,,,,,,,,,,,,,,,,,,,,,,,,,,,,,,,,,,,,,,,,,,,,,,,,,,,,,,,,,,,,,,,,,,,,,,,,,,,,,,,,,,,,,,,,,,,,,,,,,,,,,,,,,,,,,,,,,,,,,,,,,,,79.32590637501562,79.33294491600827,82.31643737500417,96.28362062500673,return,13.960338125005364,None,,,,2026-05-18_16h25.53.062,Mood4,,2026.1.3,2026-05-18 16h25.53.966765 -0400,
0,0,0,,,,,left,0.9437006670050323,None,space,0.2701857079809997,None,right,0.7743370000098366,None,space,0.23427083299611695,None,return,0.7232577920076437,None,return,0.09085029101697728,None,return,0.17903766699600965,None,12.0,1.1533964169793762,return,1.318266999995103,None,return,0.26263820799067616,None,12.0,3.3495578749862034,return,1.1189589160203468,None,return,0.3938332909892779,None,return,0.08447595799225383,None,,,,,,,,,,,,,return,6.934525415999815,None,,,,,,,,,,,,,,,,,,0,0,0,0,,,,,,,,,,,,,,,,,,,,,,,,,,,,,,,,,,,,,,,,,,,,,,,,,,,,,,,,,,,,,,,,,,,,,,,,,,,,,,,,,,,,,,,,,,,,,,,,,,,,,,,,,,,,,,,,,,,,,,,,,,,,,,,,,,,,,,,,,,,,,,,,,,,,,,,,,,,,,,,,,,,,,,,,,,,,,,,,,,,,,,,,,,,,,,,,,,,,,,,,,,,,,,,,,,,,,,,,,,,,,,,,,,,,,,,,,,,,,,,,,,,,,,,,,,,,,,,,,,,,,,,,,,,,,,,,,,,,,,,,,,,,,,,,,,,,,,,,,,,,,,,,,,,,,,,,,,,,,,,,,,,,,,,,,,,,,,,,,,,,,,,,,,,,,,,,,,,,,,,,,,,,,,,,,,,,,,,,,2026-05-18_16h25.53.062,Mood4,,2026.1.3,2026-05-18 16h25.53.966765 -0400,
